Rack_location;ID;PvcE_a;PvcE_b;Mang44_a;Mang44_b
1;A01_AGP16292;126;130;159;159
2;A02_AGP16293;94;138;155;163
3;A03_AGP16294;130;140;159;159
4;A04_AGP20093;132;138;159;163
5;A05_AGP20094;126;132;155;155
6;A06_AGP20095;132;144;151;155
7;A07_AGP20096;126;132;155;155
8;A08_AGP20097;124;140;159;163
9;A09_AGP20098;126;132;155;159
10;A10_AGP20099;126;132;155;159
11;A11_AGP20100;132;132;151;151
12;A12_AGP20101;128;130;155;159
13;B01_AGP20102;126;134;151;163
14;B02_AGP20103;94;130;155;159
15;B03_AGP20104;130;132;151;155
16;B04_AGP20105;132;138;155;159
17;B05_AGP20106;126;138;155;159
18;B06_AGP20107;94;130;155;155
19;B07_AGP20108;126;130;159;159
20;B08_AGP20109;130;138;159;163
21;B09_AGP20110;132;136;155;155
22;B10_AGP20111;126;132;147;151
23;B11_AGP20112;124;126;155;155
24;B12_AGP20113;136;138;155;159
25;C01_AGP20114;132;138;155;163
26;C02_AGP20115;94;134;155;159
27;C03_AGP20116;126;130;151;155
28;C04_AGP20117;94;126;147;147
29;C05_AGP20118;128;130;151;163
30;C06_AGP20119;126;132;151;155
31;C07_AGP20120;126;134;151;159
32;C08_AGP20121;126;144;147;155
33;C09_AGP20122;126;130;151;155
34;C10_AGP20123;132;134;155;155
35;C11_AGP20124;132;136;155;159
36;C12_AGP20125;132;136;151;155
37;D01_AGP20126;132;138;155;155
38;D02_AGP20127;128;130;155;155
39;D03_AGP20128;124;140;151;155
40;D04_AGP20129;142;148;155;159
41;D05_AGP20130;124;130;151;155
42;D06_AGP20131;132;136;155;159
43;D07_AGP20133;126;130;151;163
44;D08_AGP20134;126;126;151;151
45;D09_AGP20135;126;138;151;155
46;D10_AGP20136;134;138;159;163
47;D11_AGP20137;132;136;159;159
48;D12_AGP20138;126;134;155;155
49;E01_AGP20139;126;132;151;159
50;E02_AGP20140;128;132;NA;NA
51;E03_Empty;NA;NA;NA;NA
52;E04_AGP20141;126;142;155;159
53;E05_AGP20142;126;128;155;155
54;E06_AGP20143;126;144;151;155
55;E07_AGP20144;130;136;151;151
56;E08_AGP20147;138;138;151;159
57;E09_AGP20148;132;138;155;159
58;E10_AGP20149;128;132;155;155
59;E11_AGP20150;134;138;151;151
60;E12_AGP20151;132;138;155;155
61;F01_AGP20152;126;132;155;163
62;F02_AGP20153;126;138;155;155
63;F03_AGP20154;138;140;159;163
64;F04_AGP20155;122;126;151;151
65;F05_AGP20156;124;134;155;159
66;F06_AGP20157;132;138;151;151
67;F07_AGP20159;126;130;155;159
68;F08_AGP20160;136;138;151;155
69;F09_AGP20161;130;138;151;151
70;F10_AGP20162;130;132;155;155
71;F11_AGP20163;132;140;NA;NA
72;F12_AGP20164;94;128;155;159
73;G01_AGP20165;126;136;155;159
74;G02_AGP20166;128;132;151;151
75;G03_AGP20167;130;136;151;151
76;G04_AGP20168;124;140;155;159
77;G05_AGP20169;124;126;151;159
78;G06_AGP20170;128;130;155;159
79;G07_AGP20171;126;132;NA;NA
80;G08_AGP20172;132;132;151;163
81;G09_AGP20173;124;144;155;159
82;G10_AGP20174;130;144;151;155
83;G11_AGP20175;130;132;159;163
84;G12_AGP20176;124;132;147;159
85;H01_AGP20177;94;132;151;155
86;H02_AGP20178;132;138;151;159
87;H03_AGP20179;130;132;163;163
88;H04_AGP20180;122;126;151;155
89;H05_AGP20181;130;132;155;155
90;H06_AGP20182;132;142;151;159
91;H07_AGP20185;124;132;151;155
92;H08_AGP20187;122;124;151;155
93;H09_AGP20188;136;138;151;159
94;H10_AGP20189;130;130;155;163
95;H11_AGP20189_2;126;130;155;155
96;H12_AGP20191;130;138;155;155